id,Nombre,Seleccion
1,abdelkader ghezzal,ALG
2,abdelkader laifaoui,ALG
3,abdelmoumene djabou,ALG
4,adlène guedioura,ALG
5,aissa mandi,ALG
6,antar yahia,ALG
7,carl medjani,ALG
8,cedric si mohamed,ALG
9,djamel abdoun,ALG
10,djamel mesbah,ALG
11,el arbi hillel soudani,ALG
12,essaid belkalem,ALG
13,faouzi chaouchi,ALG
14,faouzi ghoulam,ALG
15,foued kadir,ALG
16,habib bellaid,ALG
17,hassan yebda,ALG
18,islam slimani,ALG
19,karim matmour,ALG
20,karim ziani,ALG
21,liassine cadamuro,ALG
22,lounes gaouaoui,ALG
23,madjid bougherra,ALG
24,medhi lacen,ALG
25,mehdi mostefa,ALG
26,mohamed zemmamouche,ALG
27,nabil bentaleb,ALG
28,nabil ghilas,ALG
29,nadir belhadj,ALG
30,rabah saadane,ALG
31,rafik djebbour,ALG
32,rafik halliche,ALG
33,rafik saifi,ALG
34,rais m'bolhi,ALG
35,riyad mahrez,ALG
36,ryad boudebouz,ALG
37,saphir taider,ALG
38,sofiane feghouli,ALG
39,vahid halilhodžić,ALG
40,yacine brahimi,ALG
41,yazid mansouri,ALG
42,abdullah al-khaibari,ARA
43,abdullah al-mayouf,ARA
44,abdullah otayf,ARA
45,abdulmalek al-khaibri,ARA
46,ali al-bulaihi,ARA
47,fahad al-muwallad,ARA
48,hattan bahebri,ARA
49,housain al-mogahwi,ARA
50,juan antonio pizzi,ARA
51,mansoor al-harbi,ARA
52,mohamed kanno,ARA
53,mohammad al-sahlawi,ARA
54,mohammed al-breik,ARA
55,mohammed al-owais,ARA
56,motaz hawsawi,ARA
57,muhannad assiri,ARA
58,omar hawsawi,ARA
59,osama hawsawi,ARA
60,salem al-dawsari,ARA
61,salman al-faraj,ARA
62,taisir al-jassim,ARA
63,yahya al-shehri,ARA
64,yasser al-mosailem,ARA
65,yasser al-shahrani,ARA
66,agustin orion,ARG
67,alejandro sabella,ARG
68,angel di maria,ARG
69,ariel garce,ARG
70,augusto fernandez,ARG
71,carlos tevez,ARG
72,clemente rodriguez,ARG
73,cristian ansaldi,ARG
74,cristian pavon,ARG
75,diego maradona †,ARG
76,diego milito,ARG
77,diego pozo,ARG
78,eduardo salvio,ARG
79,enzo perez,ARG
80,ever banega,ARG
81,ezequiel garay,ARG
82,ezequiel lavezzi,ARG
83,federico fazio,ARG
84,federico fernandez,ARG
85,fernando gago,ARG
86,franco armani,ARG
87,gabriel heinze,ARG
88,gabriel mercado,ARG
89,giovani lo celso,ARG
90,gonzalo higuain,ARG
91,hugo campagnaro,ARG
92,javier mascherano,ARG
93,javier pastore,ARG
94,jonas gutierrez,ARG
95,jorge sampaoli,ARG
96,jose basanta,ARG
97,juan sebastian veron,ARG
98,lionel messi,ARG
99,lucas biglia,ARG
100,marcos acuña,ARG
101,marcos rojo,ARG
102,mariano andujar,ARG
103,mario bolatti,ARG
104,martin demichelis,ARG
105,martin palermo,ARG
106,maximiliano meza,ARG
107,maximiliano rodriguez,ARG
108,nahuel guzman,ARG
109,nicolas burdisso,ARG
110,nicolas otamendi,ARG
111,nicolas tagliafico,ARG
112,pablo zabaleta,ARG
113,paulo dybala,ARG
114,ricardo alvarez,ARG
115,rodrigo palacio,ARG
116,sergio aguero,ARG
117,sergio romero,ARG
118,walter samuel,ARG
119,wilfredo caballero,ARG
120,aaron mooy,AUS
121,adam federici,AUS
122,adam taggart,AUS
123,alex wilkinson,AUS
124,andrew nabbout,AUS
125,aziz behich,AUS
126,bailey wright,AUS
127,ben halloran,AUS
128,bert van marwijk,AUS
129,brad jones,AUS
130,brett emerton,AUS
131,brett holman,AUS
132,carl valeri,AUS
133,craig moore,AUS
134,daniel arzani,AUS
135,danny vukovic,AUS
136,dario vidosic,AUS
137,dario vidošić,AUS
138,david carney,AUS
139,dimitri petratos,AUS
140,eugene galekovic,AUS
141,harry kewell,AUS
142,ivan franjic,AUS
143,jackson irvine,AUS
144,james holland,AUS
145,james meredith,AUS
146,james troisi,AUS
147,jamie maclaren,AUS
148,jason culina,AUS
149,jason davidson,AUS
150,josh risdon,AUS
151,joshua kennedy,AUS
152,lucas neill,AUS
153,luke wilkshire,AUS
154,mark bresciano,AUS
155,mark milligan,AUS
156,mark schwarzer,AUS
157,massimo luongo,AUS
158,mathew leckie,AUS
159,mathew ryan,AUS
160,matt mckay,AUS
161,matthew jurman,AUS
162,matthew spiranovic,AUS
163,michael beauchamp,AUS
164,mile jedinak,AUS
165,milos degenek,AUS
166,mitchell langerak,AUS
167,nikita rukavytsya,AUS
168,oliver bozanic,AUS
169,pim verbeek,AUS
170,richard garcia,AUS
171,robbie kruse,AUS
172,ryan mcgowan,AUS
173,scott chipperfield,AUS
174,tim cahill,AUS
175,tom rogić,AUS
176,tomi juric,AUS
177,tommy oar,AUS
178,trent sainsbury,AUS
179,vince grella,AUS
180,adnan januzaj,BEL
181,anthony vanden borre,BEL
182,axel witsel,BEL
183,daniel van buyten,BEL
184,dedryck boyata,BEL
185,divock origi,BEL
186,dries mertens,BEL
187,eden hazard,BEL
188,jan vertonghen,BEL
189,kevin de bruyne,BEL
190,kevin mirallas,BEL
191,koen casteels,BEL
192,laurent ciman,BEL
193,leander dendoncker,BEL
194,marc wilmots,BEL
195,marouane fellaini,BEL
196,michy batshuayi,BEL
197,moussa dembele,BEL
198,nacer chadli,BEL
199,nicolas lombaerts,BEL
200,roberto martinez montoliu,BEL
201,romelu lukaku,BEL
202,sammy bossut1,BEL
203,simon mignolet,BEL
204,steven defour,BEL
205,thibaut courtois,BEL
206,thomas meunier,BEL
207,thomas vermaelen,BEL
208,thorgan hazard,BEL
209,toby alderweireld,BEL
210,vincent kompany,BEL
211,yannick carrasco,BEL
212,youri tielemans,BEL
213,anel hadžić,BOS
214,asmir avdukić,BOS
215,asmir begović,BOS
216,avdija vršajević,BOS
217,edin džeko,BOS
218,edin višća,BOS
219,emir spahić,BOS
220,ermin bičakčić,BOS
221,haris medunjanin,BOS
222,izet hajrović,BOS
223,jasmin fejzić,BOS
224,mensur mujdža,BOS
225,miralem pjanić,BOS
226,muhamed bešić,BOS
227,ognjen vranješ,BOS
228,safet sušić,BOS
229,sead kolašinac,BOS
230,sejad salihović,BOS
231,senad lulić,BOS
232,senijad ibričić,BOS
233,tino sušić,BOS
234,toni šunjić,BOS
235,vedad ibišević,BOS
236,zvjezdan misimović,BOS
237,alisson,BRA
238,bernard,BRA
239,casemiro,BRA
240,cassio,BRA
241,dani alves,BRA
242,danilo,BRA
243,dante,BRA
244,david luiz,BRA
245,doni,BRA
246,douglas costa,BRA
247,dunga,BRA
248,ederson,BRA
249,elano,BRA
250,fagner,BRA
251,felipe melo,BRA
252,fernandinho,BRA
253,filipe luis,BRA
254,fred,BRA
255,gabriel jesus,BRA
256,gilberto,BRA
257,gilberto silva,BRA
258,gomes,BRA
259,grafite,BRA
260,henrique,BRA
261,hernanes,BRA
262,hulk,BRA
263,jefferson,BRA
264,jo,BRA
265,josue,BRA
266,joão miranda,BRA
267,juan,BRA
268,julio baptista,BRA
269,julio cesar,BRA
270,kaka,BRA
271,kleberson,BRA
272,lucio,BRA
273,luis fabiano,BRA
274,luisão,BRA
275,luiz felipe scolari,BRA
276,luiz gustavo,BRA
277,maicon,BRA
278,marcelo,BRA
279,marquinhos,BRA
280,maxwell,BRA
281,michel bastos,BRA
282,neymar jr,BRA
283,nilmar,BRA
284,oscar,BRA
285,paulinho,BRA
286,pedro geromel,BRA
287,philippe coutinho,BRA
288,ramires,BRA
289,renato augusto,BRA
290,roberto firmino,BRA
291,robinho,BRA
292,taison,BRA
293,thiago silva,BRA
294,tite,BRA
295,victor,BRA
296,willian,BRA
297,achille emana,CAM
298,alexandre song,CAM
299,allam nyom,CAM
300,aurelien chedjou,CAM
301,benjamin moukandjo,CAM
302,benoit assou-ekotto,CAM
303,carlos idriss kameni,CAM
304,cedric djeugoue,CAM
305,charles itandje,CAM
306,dany nounkeu,CAM
307,edgar salli,CAM
308,eric maxim choupo-moting,CAM
309,eyong enoh,CAM
310,fabrice olinga,CAM
311,gaetan bong,CAM
312,georges mandjeck,CAM
313,geremi njitap,CAM
314,guy n'dy assembe,CAM
315,henri bedimo,CAM
316,jean ii makoun,CAM
317,joel matip,CAM
318,landry n'guemo,CAM
319,loic feudjou,CAM
320,mohammadou idrissou,CAM
321,nicolas n'koulou,CAM
322,paul le guen,CAM
323,pierre webo,CAM
324,rigobert song,CAM
325,sammy n'djock,CAM
326,samuel eto'o,CAM
327,sebastien bassong,CAM
328,souleymanou hamidou,CAM
329,stephane mbia,CAM
330,vincent aboubakar,CAM
331,volker finke,CAM
332,alexis sanchez,CHI
333,arturo vidal,CHI
334,carlos carmona,CHI
335,charles aranguiz,CHI
336,claudio bravo,CHI
337,cristopher toselli,CHI
338,eduardo vargas,CHI
339,esteban paredes,CHI
340,eugenio mena,CHI
341,fabian orellana,CHI
342,felipe gutierrez,CHI
343,francisco silva,CHI
344,gary medel,CHI
345,gonzalo fierro,CHI
346,gonzalo jara,CHI
347,humberto suazo,CHI
348,ismael fuentes,CHI
349,jean beausejour,CHI
350,johnny herrera,CHI
351,jorge valdivia,CHI
352,jose pedro fuenzalida,CHI
353,jose rojas,CHI
354,luis marin,CHI
355,marcelo bielsa,CHI
356,marcelo diaz,CHI
357,marco estrada,CHI
358,mark gonzalez,CHI
359,matias fernandez,CHI
360,mauricio isla,CHI
361,mauricio pinilla,CHI
362,miguel pinto,CHI
363,miiko albornoz,CHI
364,pablo contreras,CHI
365,rodrigo millar,CHI
366,rodrigo tello,CHI
367,waldo ponce,CHI
368,abel aguilar,COL
369,adrian ramos,COL
370,alexander mejia,COL
371,camilo vargas,COL
372,camilo zuñiga,COL
373,carlos bacca,COL
374,carlos carbonero,COL
375,carlos sanchez,COL
376,carlos valdes,COL
377,cristian zapata,COL
378,david ospina,COL
379,davinson sanchez,COL
380,eder alvarez balanta,COL
381,farid diaz,COL
382,faryd mondragon,COL
383,freddy guarin,COL
384,jackson martinez,COL
385,james rodriguez,COL
386,jefferson lerma,COL
387,johan mojica,COL
388,jose fernando cuadrado,COL
389,jose izquierdo,COL
390,jose pekerman,COL
391,juan fernando quintero,COL
392,juan guillermo cuadrado,COL
393,luis muriel,COL
394,mario alberto yepes,COL
395,mateus uribe,COL
396,miguel borja,COL
397,oscar murillo,COL
398,pablo armero,COL
399,radamel falcao,COL
400,santiago arias,COL
401,teofilo gutierrez,COL
402,victor ibarbo,COL
403,wilmar barrios,COL
404,yerry mina,COL
405,bryan oviedo,CRC
406,bryan ruiz,CRC
407,celso borges,CRC
408,christian bolaños,CRC
409,cristian gamboa,CRC
410,daniel cambronero,CRC
411,daniel colindres,CRC
412,dave myrie1,CRC
413,david guzman,CRC
414,diego calvo,CRC
415,francisco calvo,CRC
416,giancarlo gonzalez,CRC
417,ian smith,CRC
418,joel campbell,CRC
419,johan venegas,CRC
420,johnny acosta,CRC
421,jorge luis pinto,CRC
422,jose miguel cubero,CRC
423,junior diaz,CRC
424,kendall waston,CRC
425,kenner gutierrez,CRC
426,keylor navas,CRC
427,leonel moreira,CRC
428,marco ureña,CRC
429,michael barrantes,CRC
430,michael umaña,CRC
431,oscar duarte,CRC
432,oscar esteban granados,CRC
433,oscar ramirez,CRC
434,patrick pemberton,CRC
435,randall azofeifa,CRC
436,randall brenes,CRC
437,rodney wallace,CRC
438,roy miller,CRC
439,waylon francis,CRC
440,yeltsin tejeda,CRC
441,andrej kramarić,CRO
442,ante rebić,CRO
443,danijel pranjić,CRO
444,danijel subašić,CRO
445,darijo srna,CRO
446,dejan lovren,CRO
447,domagoj vida,CRO
448,dominik livaković,CRO
449,duje ćaleta-car,CRO
450,eduardo,CRO
451,filip bradarić,CRO
452,gordon schildenfeld,CRO
453,ivan perišić,CRO
454,ivan rakitić,CRO
455,ivan strinić,CRO
456,ivica olić,CRO
457,josip pivarić,CRO
458,lovre kalinić,CRO
459,luka modrić,CRO
460,marcelo brozović,CRO
461,mario mandžukić,CRO
462,marko pjaca,CRO
463,mateo kovačić,CRO
464,milan badelj,CRO
465,nikica jelavić,CRO
466,niko kovač,CRO
467,nikola kalinić,CRO
468,ognjen vukojević,CRO
469,oliver zelenika,CRO
470,sammir,CRO
471,stipe pletikosa,CRO
472,tin jedvaj,CRO
473,vedran ćorluka,CRO
474,zlatko dalić,CRO
475,šime vrsaljko,CRO
476,andreas christensen,DEN
477,andreas cornelius,DEN
478,christian eriksen,DEN
479,christian poulsen,DEN
480,daniel agger,DEN
481,daniel jensen,DEN
482,dennis rommedahl,DEN
483,frederik rønnow,DEN
484,henrik dalsgaard,DEN
485,jakob poulsen,DEN
486,jannik vestergaard,DEN
487,jens stryger larsen,DEN
488,jesper christiansen,DEN
489,jesper grønkjær,DEN
490,jon dahl tomasson,DEN
491,jonas knudsen,DEN
492,jonas lossl,DEN
493,kasper dolberg,DEN
494,kasper schmeichel,DEN
495,lars jacobsen,DEN
496,lasse schone,DEN
497,lukas lerager,DEN
498,martin braithwaite,DEN
499,martin jorgensen,DEN
500,mathias jørgensen,DEN
501,michael krohn-dehli,DEN
502,mikkel beckmann,DEN
503,morten olsen,DEN
504,nicklas bendtner,DEN
505,nicolai jørgensen,DEN
506,patrick mtiliga,DEN
507,per krøldrup,DEN
508,pione sisto,DEN
509,simon kjær,DEN
510,simon poulsen,DEN
511,stephan andersen,DEN
512,søren larsen,DEN
513,thomas delaney,DEN
514,thomas enevoldsen,DEN
515,thomas kahlenberg,DEN
516,thomas sørensen,DEN
517,viktor fischer,DEN
518,william kvist,DEN
519,yussuf poulsen,DEN
520,åge hareide,DEN
521,adrian bone,ECU
522,alexander dominguez,ECU
523,antonio valencia,ECU
524,carlos gruezo,ECU
525,christian noboa,ECU
526,edison mendez,ECU
527,enner valencia,ECU
528,felipe caicedo,ECU
529,fidel martinez,ECU
530,frickson erazo,ECU
531,gabriel achilier,ECU
532,jaime ayovi,ECU
533,jefferson montero,ECU
534,joao rojas,ECU
535,jorge guagua,ECU
536,juan carlos paredes,ECU
537,luis fernando saritama,ECU
538,maximo banguera,ECU
539,michael arroyo,ECU
540,oscar bagui,ECU
541,oswaldo minda1,ECU
542,reinaldo rueda,ECU
543,renato ibarra,ECU
544,walter ayovi,ECU
545,abdallah said,EGT
546,ahmed al-muhammadi,EGT
547,ahmed fathy,EGT
548,ahmed hegazy,EGT
549,ali gabr,EGT
550,amr warda,EGT
551,ayman ashraf,EGT
552,essam el-hadary,EGT
553,hector cuper,EGT
554,mahmoud hamdy,EGT
555,mahmoud kahraba,EGT
556,marwan mohsen,EGT
557,mohamed abdel-shafy,EGT
558,mohamed el-shenawy,EGT
559,mohamed elneny,EGT
560,mohamed salah,EGT
561,omar gaber,EGT
562,ramadan sobhi,EGT
563,saad samir,EGT
564,sam morsy,EGT
565,sherif ekramy,EGT
566,shikabala,EGT
567,tarek hamed,EGT
568,trezeguet,EGT
569,aaron lennon,ENG
570,adam lallana,ENG
571,alex oxlade-chamberlain,ENG
572,ashley cole,ENG
573,ashley young,ENG
574,ben foster,ENG
575,chris smalling,ENG
576,daniel sturridge,ENG
577,daniel welbeck,ENG
578,danny rose,ENG
579,danny welbeck,ENG
580,david james,ENG
581,dele alli,ENG
582,emile heskey,ENG
583,eric dier,ENG
584,fabian delph,ENG
585,fabio capello,ENG
586,frank lampard,ENG
587,fraser forster,ENG
588,gareth barry,ENG
589,gareth southgate,ENG
590,gary cahill,ENG
591,glen johnson,ENG
592,harry kane,ENG
593,harry maguire,ENG
594,jack butland,ENG
595,jack wilshere,ENG
596,james milner,ENG
597,jamie carragher,ENG
598,jamie vardy,ENG
599,jermain defoe,ENG
600,jesse lingard,ENG
601,joe cole,ENG
602,joe hart,ENG
603,john stones,ENG
604,john terry,ENG
605,jordan henderson,ENG
606,jordan pickford,ENG
607,kieran trippier,ENG
608,kyle walker,ENG
609,ledley king,ENG
610,leighton baines,ENG
611,luke shaw,ENG
612,marcus rashford,ENG
613,matthew upson,ENG
614,michael carrick,ENG
615,michael dawson3​,ENG
616,nick pope,ENG
617,peter crouch,ENG
618,phil jagielka,ENG
619,phil jones,ENG
620,raheem sterling,ENG
621,rickie lambert,ENG
622,robert green,ENG
623,ross barkley,ENG
624,roy hodgson,ENG
625,ruben loftus-cheek,ENG
626,shaun wright-phillips,ENG
627,stephen warnock,ENG
628,steven gerrard,ENG
629,trent alexander-arnold,ENG
630,wayne rooney,ENG
631,abou diaby,FRA
632,adil rami,FRA
633,alou diarra,FRA
634,alphonse areola,FRA
635,andre-pierre gignac,FRA
636,anthony reveillère,FRA
637,antoine griezmann,FRA
638,bacary sagna,FRA
639,benjamin mendy,FRA
640,benjamin pavard,FRA
641,blaise matuidi,FRA
642,cedric carrasso,FRA
643,corentin tolisso,FRA
644,didier deschamps,FRA
645,djibril cisse,FRA
646,djibril sidibe,FRA
647,eric abidal,FRA
648,florent malouda,FRA
649,florian thauvin,FRA
650,francis coquelin,FRA
651,franck ribery,FRA
652,gael clichy,FRA
653,hugo lloris,FRA
654,jeremy menez,FRA
655,karim benzema,FRA
656,kylian mbappe,FRA
657,laurent koscielny,FRA
658,loic remy,FRA
659,lucas digne,FRA
660,lucas hernandez,FRA
661,mamadou sakho,FRA
662,marc planus,FRA
663,mathieu debuchy,FRA
664,mathieu valbuena,FRA
665,mickael landreau,FRA
666,morgan schneiderlin 3,FRA
667,moussa sissoko,FRA
668,n'golo kante,FRA
669,nabil fekir,FRA
670,nicolas anelka,FRA
671,olivier giroud,FRA
672,ousmane dembele,FRA
673,patrice evra,FRA
674,paul pogba,FRA
675,presnel kimpembe,FRA
676,raphael varane,FRA
677,raymond domenech,FRA
678,remy cabella2,FRA
679,samuel umtiti,FRA
680,sebastien squillaci,FRA
681,sidney govou,FRA
682,stephane ruffier 1,FRA
683,steve mandanda,FRA
684,steven n'zonzi,FRA
685,thierry henry,FRA
686,thomas lemar,FRA
687,william gallas,FRA
688,yoann gourcuff,FRA
689,yohan cabaye,FRA
690,andre schurrle,GER
691,antonio rudiger,GER
692,arne friedrich,GER
693,bastian schweinsteiger,GER
694,benedikt howedes,GER
695,cacau,GER
696,christoph kramer,GER
697,dennis aogo,GER
698,erik durm,GER
699,hans-jorg butt,GER
700,holger badstuber,GER
701,i̇lkay gundoğan,GER
702,jerome boateng,GER
703,joachim low,GER
704,jonas hector,GER
705,joshua kimmich,GER
706,julian brandt,GER
707,julian draxler,GER
708,kevin großkreutz,GER
709,kevin trapp,GER
710,leon goretzka,GER
711,lukas podolski,GER
712,manuel neuer,GER
713,marc-andre ter stegen,GER
714,marcell jansen,GER
715,marco reus,GER
716,mario gomez,GER
717,mario gotze,GER
718,marko marin,GER
719,marvin plattenhardt,GER
720,mats hummels,GER
721,matthias ginter,GER
722,mesut ozil,GER
723,miroslav klose,GER
724,niklas sule,GER
725,per mertesacker,GER
726,philipp lahm,GER
727,piotr trochowski,GER
728,roman weidenfeller,GER
729,ron-robert zieler,GER
730,sami khedira,GER
731,sebastian rudy,GER
732,serdar tasci,GER
733,shkodran mustafi2,GER
734,stefan kießling,GER
735,thomas muller,GER
736,tim wiese,GER
737,timo werner,GER
738,toni kroos,GER
739,adam kwarasey,GHA
740,afriyie acquah,GHA
741,akwasi appiah,GHA
742,albert adomah,GHA
743,andre ayew,GHA
744,anthony annan,GHA
745,asamoah gyan,GHA
746,christian atsu,GHA
747,daniel agyei,GHA
748,daniel opare,GHA
749,derek boateng,GHA
750,dominic adiyiah,GHA
751,emmanuel agyemang-badu,GHA
752,fatau dauda,GHA
753,hans sarpei,GHA
754,harrison afful,GHA
755,ibrahim ayew,GHA
756,isaac vorsah,GHA
757,john boye,GHA
758,john mensah,GHA
759,john pantsil,GHA
760,jonathan mensah,GHA
761,jordan ayew,GHA
762,kevin prince boateng,GHA
763,kwadwo asamoah,GHA
764,lee addy,GHA
765,majeed waris,GHA
766,matthew amoah,GHA
767,michael essien,GHA
768,milovan rajevac,GHA
769,mohammed rabiu,GHA
770,prince tagoe,GHA
771,quincy owusu-abeyie,GHA
772,rashid sumaila,GHA
773,richard kingson,GHA
774,samuel inkoom,GHA
775,stephen ahorlu,GHA
776,stephen appiah,GHA
777,steven adams,GHA
778,sulley muntari,GHA
779,wakaso mubarak,GHA
780,alexandros tziolis,GRE
781,alexandros tzorvas,GRE
782,andreas samaris,GRE
783,angelos charisteas,GRE
784,athanassios prittas,GRE
785,avraam papadopoulos,GRE
786,christos patsatzoglou,GRE
787,dimitris salpingidis,GRE
788,fernando santos,GRE
789,georgios karagounis,GRE
790,georgios samaras,GRE
791,giannis fetfatzidis,GRE
792,giannis maniatis,GRE
793,giorgos karagounis,GRE
794,giorgos tzavellas,GRE
795,giourkas seitaridis,GRE
796,jose holebas,GRE
797,konstantinos chalkias,GRE
798,konstantinos katsouranis,GRE
799,kostas katsouranis,GRE
800,kostas manolas,GRE
801,kostas mitroglou,GRE
802,lazaros christodoulopoulos,GRE
803,loukas vyntra,GRE
804,michalis sifakis,GRE
805,nikos spiropoulos,GRE
806,orestis karnezis,GRE
807,otto rehhagel,GRE
808,panagiotis glykos,GRE
809,panagiotis kone,GRE
810,panagiotis tachtsidis,GRE
811,pantelis kapetanos,GRE
812,sokratis papastathopoulos,GRE
813,sotirios kyrgiakos,GRE
814,sotiris ninis,GRE
815,stefanos kapino,GRE
816,stelios malezas,GRE
817,theofanis gekas,GRE
818,vangelis moras,GRE
819,vasilis torosidis,GRE
820,amado guevara,HON
821,andy najar,HON
822,boniek garcia,HON
823,brayan beckeles,HON
824,carlo costly,HON
825,carlos pavon,HON
826,danilo turcios,HON
827,david suazo,HON
828,donis escober,HON
829,edder delgado,HON
830,edgard alvarez,HON
831,emilio izaguirre,HON
832,georgie welcome,HON
833,hendry thomas,HON
834,jerry bengtson,HON
835,jerry palacios,HON
836,johnny palacios,HON
837,jorge claros,HON
838,juan carlos garcia,HON
839,juan pablo montes,HON
840,julio cesar de leon,HON
841,luis fernando suarez,HON
842,luis garrido,HON
843,luis lopez,HON
844,mario martinez,HON
845,marvin chavez,HON
846,mauricio sabillon,HON
847,maynor figueroa,HON
848,noel valladares,HON
849,oscar boniek garcia,HON
850,osman chavez,HON
851,ramon nuñez,HON
852,reynaldo rueda,HON
853,ricardo canales,HON
854,roger espinoza,HON
855,rony martinez,HON
856,sergio mendoza,HON
857,victor bernardez,HON
858,walter martinez,HON
859,wilson palacios,HON
860,ahmad alenemeh,IRA
861,alireza beiranvand,IRA
862,alireza haghighi,IRA
863,alireza jahanbakhsh,IRA
864,amir abedzadeh,IRA
865,amir hossein sadeghi,IRA
866,andranik teymourian,IRA
867,ashkan dejagah,IRA
868,bakhtiar rahmani,IRA
869,carlos queiroz,IRA
870,daniel davari,IRA
871,ehsan hajsafi,IRA
872,ghasem hadadifar,IRA
873,hashem beikzadeh,IRA
874,hossein mahini,IRA
875,jalal hosseini,IRA
876,javad nekounam,IRA
877,karim ansarifard,IRA
878,khosro heydari,IRA
879,majid hosseini,IRA
880,masoud shojaei,IRA
881,mehdi taremi,IRA
882,mehdi torabi,IRA
883,mehrdad pouladi,IRA
884,milad mohammadi,IRA
885,mohammad rashid mazaheri,IRA
886,mohammad reza khanzadeh,IRA
887,morteza pouraliganji,IRA
888,omid ebrahimi,IRA
889,pejman montazeri,IRA
890,rahman ahmadi,IRA
891,ramin rezaeian,IRA
892,reza ghoochannejhad,IRA
893,reza haghighi,IRA
894,rouzbeh cheshmi,IRA
895,saeid ezatolahi,IRA
896,saman ghoddos,IRA
897,sardar azmoun,IRA
898,steven beitashour,IRA
899,vahid amiri,IRA
900,albert guðmundsson,ISL
901,alfreð finnbogason,ISL
902,ari freyr skulason,ISL
903,arnor ingvi traustason,ISL
904,aron gunnarsson,ISL
905,birkir bjarnason,ISL
906,birkir mar sævarsson,ISL
907,bjorn sigurðarson,ISL
908,emil hallfreðsson,ISL
909,frederik schram,ISL
910,gylfi sigurðsson,ISL
911,hannes þor halldorsson,ISL
912,heimir hallgrimsson,ISL
913,holmar orn eyjolfsson,ISL
914,horður bjorgvin magnusson,ISL
915,johann berg guðmundsson,ISL
916,jon daði boðvarsson,ISL
917,kari arnason,ISL
918,olafur ingi skulason,ISL
919,ragnar sigurðsson,ISL
920,runar alex runarsson,ISL
921,rurik gislason,ISL
922,samuel friðjonsson,ISL
923,sverrir ingi ingason,ISL
924,alberto aquilani,ITA
925,alberto gilardino,ITA
926,alessio cerci,ITA
927,andrea barzagli,ITA
928,andrea pirlo,ITA
929,angelo palombo,ITA
930,antonio candreva,ITA
931,antonio cassano,ITA
932,antonio di natale,ITA
933,cesare prandelli,ITA
934,christian maggio,ITA
935,ciro immobile,ITA
936,claudio marchisio,ITA
937,daniele de rossi,ITA
938,domenico criscito,ITA
939,fabio cannavaro,ITA
940,fabio quagliarella,ITA
941,federico marchetti,ITA
942,gabriel paletta,ITA
943,gennaro gattuso,ITA
944,giampaolo pazzini,ITA
945,gianluca zambrotta,ITA
946,gianluigi buffon,ITA
947,giorgio chiellini,ITA
948,ignazio abate,ITA
949,leonardo bonucci,ITA
950,lorenzo insigne,ITA
951,marcello lippi,ITA
952,marco parolo,ITA
953,marco verratti,ITA
954,mario balotelli,ITA
955,matteo darmian,ITA
956,mattia de sciglio,ITA
957,mattia perin,ITA
958,mauro camoranesi,ITA
959,morgan de sanctis,ITA
960,riccardo montolivo,ITA
961,salvatore bocchetti,ITA
962,salvatore sirigu,ITA
963,simone pepe,ITA
964,thiago motta,ITA
965,vincenzo iaquinta,ITA
966,abdul kader keita,IVC
967,aristide zogbo,IVC
968,arthur boka,IVC
969,aruna dindane,IVC
970,benjamin angoua,IVC
971,boubacar barry,IVC
972,cheick tiote,IVC
973,constant djakpa,IVC
974,daniel yeboah,IVC
975,didier drogba,IVC
976,didier ya konan,IVC
977,didier zokora,IVC
978,emmanuel eboue,IVC
979,emmanuel kone,IVC
980,gervinho,IVC
981,giovanni sio,IVC
982,guy demel,IVC
983,ismael diomande,IVC
984,jean-daniel akpa-akpro,IVC
985,jean-jacques gosso,IVC
986,kolo toure,IVC
987,mathis bolly,IVC
988,max gradel,IVC
989,ousmane diarrassouba,IVC
990,romaric,IVC
991,sabri lamouchi,IVC
992,salomon kalou,IVC
993,sayouba mande,IVC
994,serey die,IVC
995,serge aurier,IVC
996,seydou doumbia,IVC
997,siaka tiene,IVC
998,souleymane bamba,IVC
999,steve gohouri,IVC
1000,sven-goran eriksson,IVC
1001,sylvain gbohouo,IVC
1002,wilfried bony,IVC
1003,yaya toure,IVC
1004,akira nishino,JAP
1005,alberto zaccheroni,JAP
1006,atsuto uchida,JAP
1007,daiki iwamasa,JAP
1008,daisuke matsui,JAP
1009,eiji kawashima,JAP
1010,gaku shibasaki,JAP
1011,gen shoji,JAP
1012,genki haraguchi,JAP
1013,gotoku sakai,JAP
1014,hiroki sakai,JAP
1015,hiroshi kiyotake,JAP
1016,hotaru yamaguchi,JAP
1017,jun'ichi inamoto,JAP
1018,keiji tamada,JAP
1019,keisuke honda,JAP
1020,kengo nakamura,JAP
1021,kisho yano,JAP
1022,kosuke nakamura,JAP
1023,makoto hasebe,JAP
1024,manabu saito,JAP
1025,marcus tulio tanaka,JAP
1026,masaaki higashiguchi,JAP
1027,masahiko inoha,JAP
1028,masato morishige,JAP
1029,maya yoshida,JAP
1030,naomichi ueda,JAP
1031,ryota oshima,JAP
1032,seigo narazaki,JAP
1033,shinji kagawa,JAP
1034,shinji okazaki,JAP
1035,shuichi gonda,JAP
1036,shunsuke nakamura,JAP
1037,shusaku nishikawa,JAP
1038,takashi inui,JAP
1039,takashi usami,JAP
1040,takayuki morimoto,JAP
1041,takeshi okada,JAP
1042,tomoaki makino,JAP
1043,toshihiro aoyama,JAP
1044,wataru endo,JAP
1045,yasuhito endo,JAP
1046,yasuyuki konno,JAP
1047,yoichiro kakitani,JAP
1048,yoshikatsu kawaguchi,JAP
1049,yoshinori muto,JAP
1050,yoshito okubo,JAP
1051,yuji nakazawa,JAP
1052,yuki abe,JAP
1053,yuto nagatomo,JAP
1054,yuya osako,JAP
1055,yūichi komano,JAP
1056,ahn young-hak,KPR
1057,an chol-hyok,KPR
1058,cha jong-hyok,KPR
1059,choe kum-chol,KPR
1060,hong yong-jo,KPR
1061,ji yun-nam,KPR
1062,jong tae-se,KPR
1063,kim jong-hun,KPR
1064,kim kum-il,KPR
1065,kim kyong-il,KPR
1066,kim myong-gil,KPR
1067,kim myong-won,KPR
1068,kim yong-jun,KPR
1069,mun in-guk,KPR
1070,nam song-chol,KPR
1071,pak chol-jin,KPR
1072,pak nam-chol,KPR
1073,pak sung-hyok,KPR
1074,ri chol-myong,KPR
1075,ri jun-il,KPR
1076,ri kwang-chon,KPR
1077,ri kwang-hyok,KPR
1078,ri myong-guk,KPR
1079,achraf hakimi,MAR
1080,ahmed reda tagnaouti,MAR
1081,amine harit,MAR
1082,ayoub el kaabi,MAR
1083,aziz bouhaddouz,MAR
1084,fayçal fajr,MAR
1085,hakim ziyech,MAR
1086,hamza mendyl,MAR
1087,herve renard,MAR
1088,karim el ahmadi,MAR
1089,khalid boutaib,MAR
1090,manuel da costa,MAR
1091,mbark boussoufa,MAR
1092,mehdi benatia,MAR
1093,mehdi carcela-gonzalez,MAR
1094,munir mohamedi,MAR
1095,nabil dirar,MAR
1096,nordin amrabat,MAR
1097,romain saiss,MAR
1098,sofyan amrabat,MAR
1099,yassine bounou,MAR
1100,younès belhanda,MAR
1101,youssef ait bennasser,MAR
1102,youssef en-nesyri,MAR
1103,adolfo bautista,MEX
1104,alan pulido,MEX
1105,alberto medina,MEX
1106,alfredo talavera,MEX
1107,andres guardado,MEX
1108,carlos peña,MEX
1109,carlos salcedo,MEX
1110,carlos salcido,MEX
1111,carlos vela,MEX
1112,cuauhtemoc blanco n. 1​,MEX
1113,diego reyes,MEX
1114,edson alvarez,MEX
1115,efrain juarez,MEX
1116,erick gutierrez,MEX
1117,francisco rodriguez,MEX
1118,gerardo torrado n. 1​,MEX
1119,giovani dos santos,MEX
1120,guillermo franco,MEX
1121,guillermo ochoa,MEX
1122,hector herrera,MEX
1123,hector moreno,MEX
1124,hirving lozano,MEX
1125,hugo ayala,MEX
1126,isaac brizuela,MEX
1127,israel castro,MEX
1128,javier aguirre,MEX
1129,javier aquino,MEX
1130,javier hernandez,MEX
1131,jesus gallardo,MEX
1132,jesus manuel corona,MEX
1133,jonathan dos santos,MEX
1134,jonny magallon,MEX
1135,jorge torres nilo,MEX
1136,jose de jesus corona,MEX
1137,jose juan vazquez,MEX
1138,juan carlos osorio,MEX
1139,luis ernesto michel,MEX
1140,marco fabian,MEX
1141,miguel angel ponce1,MEX
1142,miguel herrera,MEX
1143,miguel layun,MEX
1144,oribe peralta,MEX
1145,oscar perez,MEX
1146,pablo barrera,MEX
1147,paul aguilar,MEX
1148,rafael marquez,MEX
1149,rafael marquez​,MEX
1150,raul jimenez,MEX
1151,ricardo osorio,MEX
1152,andre ooijer,NED
1153,arjen robben,NED
1154,bert van marwijk,NED
1155,bruno martins indi,NED
1156,daley blind,NED
1157,daryl janmaat,NED
1158,demy de zeeuw,NED
1159,dirk kuyt,NED
1160,edson braafheid,NED
1161,eljero elia,NED
1162,georginio wijnaldum,NED
1163,giovanni van bronckhorst,NED
1164,gregory van der wiel,NED
1165,ibrahim afellay,NED
1166,jasper cillessen,NED
1167,jeremain lens,NED
1168,joel veltman,NED
1169,john heitinga,NED
1170,jonathan de guzman,NED
1171,jordy clasie,NED
1172,joris mathijsen,NED
1173,khalid boulahrouz,NED
1174,klaas-jan huntelaar,NED
1175,leroy fer,NED
1176,louis van gaal,NED
1177,maarten stekelenburg,NED
1178,mark van bommel,NED
1179,memphis depay,NED
1180,michel vorm,NED
1181,nigel de jong,NED
1182,paul verhaegh,NED
1183,rafael van der vaart,NED
1184,robin van persie,NED
1185,ron vlaar,NED
1186,ryan babel,NED
1187,sander boschker,NED
1188,stefan de vrij,NED
1189,stijn schaars,NED
1190,terence kongolo,NED
1191,tim krul,NED
1192,wesley sneijder,NED
1193,abdullahi shehu,NGR
1194,ahmed musa,NGR
1195,alex iwobi,NGR
1196,austin ejide,NGR
1197,ayila yussuf,NGR
1198,azubuike egwuekwe,NGR
1199,brian idowu,NGR
1200,brown ideye,NGR
1201,chidi odiah,NGR
1202,chidozie awaziem,NGR
1203,chigozie agbim,NGR
1204,chinedu ogbuke obasi,NGR
1205,daniel akpeyi,NGR
1206,danny shittu,NGR
1207,dele adeleye,NGR
1208,dele aiyenugba,NGR
1209,dickson etuhu,NGR
1210,efe ambrose,NGR
1211,ejike uzoenyi 1,NGR
1212,elderson echiejile,NGR
1213,emmanuel emenike,NGR
1214,francis uzoho,NGR
1215,gernot rohr,NGR
1216,godfrey oboabona,NGR
1217,ikechukwu ezenwa,NGR
1218,joel obi,NGR
1219,john obi mikel,NGR
1220,john ogu,NGR
1221,john utaka,NGR
1222,joseph yobo,NGR
1223,juwon oshaniwa,NGR
1224,kalu uche,NGR
1225,kelechi iheanacho,NGR
1226,kenneth omeruo,NGR
1227,kunle odunlami,NGR
1228,lars lagerback,NGR
1229,leon balogun,NGR
1230,lukman haruna,NGR
1231,michael uchebo,NGR
1232,michel babatunde,NGR
1233,nwankwo kanu,NGR
1234,obafemi martins,NGR
1235,odion ighalo,NGR
1236,ogenyi onazi,NGR
1237,oghenekaro etebo,NGR
1238,peter odemwingie,NGR
1239,rabiu afolabi,NGR
1240,ramon azeez,NGR
1241,reuben gabriel,NGR
1242,sani kaita,NGR
1243,shola ameobi,NGR
1244,simeon nwankwo,NGR
1245,stephen keshi,NGR
1246,taye taiwo,NGR
1247,tyronne ebuehi,NGR
1248,uche nwofor,NGR
1249,victor moses,NGR
1250,victor obinna,NGR
1251,vincent enyeama,NGR
1252,wilfred ndidi,NGR
1253,william troost-ekong,NGR
1254,yakubu aiyegbeni,NGR
1255,aaron clapham,NZL
1256,andrew boyens,NZL
1257,andy barron,NZL
1258,ben sigmund,NZL
1259,chris killen,NZL
1260,chris wood,NZL
1261,david mulligan,NZL
1262,glen moss,NZL
1263,ivan vicelich,NZL
1264,james bannatyne,NZL
1265,jeremy brockie,NZL
1266,jeremy christie,NZL
1267,leo bertos,NZL
1268,mark paston,NZL
1269,michael mcglinchey,NZL
1270,ricki herbert,NZL
1271,rory fallon,NZL
1272,ryan nelsen,NZL
1273,shane smeltz,NZL
1274,simon elliott,NZL
1275,tim brown,NZL
1276,tommy smith,NZL
1277,tony lochhead,NZL
1278,winston reid,NZL
1279,abdiel arroyo,PAN
1280,adolfo machado,PAN
1281,alex rodriguez,PAN
1282,anibal godoy,PAN
1283,armando cooper,PAN
1284,blas perez,PAN
1285,edgar barcenas,PAN
1286,erick davis,PAN
1287,felipe baloy,PAN
1288,fidel escobar,PAN
1289,gabriel gomez,PAN
1290,gabriel torres,PAN
1291,harold cummings,PAN
1292,hernan dario gomez,PAN
1293,ismael diaz,PAN
1294,jaime penedo,PAN
1295,jose calderon,PAN
1296,jose luis rodriguez,PAN
1297,luis ovalle,PAN
1298,luis tejada,PAN
1299,michael amir murillo,PAN
1300,ricardo avila,PAN
1301,roman torres,PAN
1302,valentin pimentel,PAN
1303,aldo bobadilla,PAR
1304,antolin alcaraz,PAR
1305,aureliano torres,PAR
1306,carlos bonet,PAR
1307,claudio morel,PAR
1308,cristian riveros,PAR
1309,dario veron,PAR
1310,denis caniza  1°,PAR
1311,diego barreto,PAR
1312,edgar barreto,PAR
1313,edgar benitez,PAR
1314,enrique vera,PAR
1315,gerardo martino,PAR
1316,jonathan santana,PAR
1317,julio caceres,PAR
1318,justo villar  2° n. 1​,PAR
1319,lucas barrios,PAR
1320,nelson haedo,PAR
1321,nestor ortigoza,PAR
1322,oscar cardozo,PAR
1323,paulo da silva,PAR
1324,rodolfo gamarra,PAR
1325,roque santa cruz,PAR
1326,victor caceres,PAR
1327,alberto rodriguez,PER
1328,aldo corzo,PER
1329,anderson santamaria,PER
1330,andre carrillo,PER
1331,andy polo,PER
1332,carlos caceda,PER
1333,christian cueva,PER
1334,christian ramos,PER
1335,edison flores,PER
1336,jefferson farfan,PER
1337,jose carvallo,PER
1338,luis advincula,PER
1339,miguel araujo,PER
1340,miguel trauco,PER
1341,nilson loyola,PER
1342,paolo guerrero,PER
1343,paolo hurtado,PER
1344,pedro aquino,PER
1345,pedro gallese,PER
1346,raul ruidiaz,PER
1347,renato tapia,PER
1348,ricardo gareca,PER
1349,wilder cartagena,PER
1350,yoshimar yotun,PER
1351,adam nawałka,POL
1352,arkadiusz milik,POL
1353,artur jędrzejczyk,POL
1354,bartosz bereszyński,POL
1355,bartosz białkowski,POL
1356,dawid kownacki,POL
1357,grzegorz krychowiak,POL
1358,jacek goralski,POL
1359,jakub błaszczykowski,POL
1360,jan bednarek,POL
1361,kamil glik,POL
1362,kamil grosicki,POL
1363,karol linetty,POL
1364,maciej rybus,POL
1365,michał pazdan,POL
1366,piotr zieliński,POL
1367,rafał kurzawa,POL
1368,robert lewandowski,POL
1369,sławomir peszko,POL
1370,thiago cionek,POL
1371,wojciech szczęsny,POL
1372,łukasz fabiański,POL
1373,łukasz piszczek,POL
1374,łukasz teodorczyk,POL
1375,adrien silva,POR
1376,andre almeida,POR
1377,andre silva,POR
1378,anthony lopes,POR
1379,bebe,POR
1380,bernardo silva,POR
1381,beto,POR
1382,bruno alves,POR
1383,bruno fernandes,POR
1384,carlos queiroz,POR
1385,cedric soares,POR
1386,cristiano ronaldo,POR
1387,daniel fernandes,POR
1388,danny,POR
1389,deco,POR
1390,duda,POR
1391,eder,POR
1392,eduardo,POR
1393,fabio coentrão,POR
1394,fernando santos,POR
1395,gelson martins,POR
1396,gonçalo guedes,POR
1397,hugo almeida,POR
1398,jose fonte,POR
1399,joão mario,POR
1400,joão moutinho,POR
1401,joão pereira,POR
1402,liedson,POR
1403,manuel fernandes,POR
1404,mario rui,POR
1405,miguel,POR
1406,miguel veloso,POR
1407,nani,POR
1408,neto,POR
1409,paulo bento,POR
1410,paulo ferreira,POR
1411,pedro mendes,POR
1412,pepe,POR
1413,rafa,POR
1414,raphael guerreiro,POR
1415,raul meireles,POR
1416,ricardo carvalho,POR
1417,ricardo costa,POR
1418,ricardo pereira,POR
1419,ricardo quaresma,POR
1420,rolando,POR
1421,ruben amorim,POR
1422,ruben dias,POR
1423,rui patricio,POR
1424,silvestre varela,POR
1425,simão,POR
1426,tiago,POR
1427,vieirinha,POR
1428,william carvalho,POR
1429,alan dzagoyev,RUS
1430,aleksandr golovin,RUS
1431,aleksandr samedov,RUS
1432,aleksandr yerojin,RUS
1433,aleksei miranchuk,RUS
1434,andrei lunev,RUS
1435,andrei semionov,RUS
1436,anton miranchuk,RUS
1437,artiom dziuba,RUS
1438,daler kuziayev,RUS
1439,denis cheryshev,RUS
1440,fiodor kudriashov,RUS
1441,igor akinfeyev,RUS
1442,igor smolnikov,RUS
1443,ilia kutepov,RUS
1444,mario fernandes,RUS
1445,ramiro lopez,RUS
1446,roman zobnin,RUS
1447,serguei ignashevich,RUS
1448,stanislav cherchesov,RUS
1449,vladimir gabulov,RUS
1450,vladimir granat,RUS
1451,yuri gazinski,RUS
1452,yuri zhirkov,RUS
1453,abdoulaye diallo,SEN
1454,alfred gomis,SEN
1455,alfred n'diaye,SEN
1456,aliou cisse,SEN
1457,badou ndiaye,SEN
1458,cheikh n'doye,SEN
1459,cheikhou kouyate,SEN
1460,diafra sakho,SEN
1461,idrissa gueye,SEN
1462,ismaila sarr,SEN
1463,kalidou koulibaly,SEN
1464,kara mbodji,SEN
1465,keita balde,SEN
1466,khadim n'diaye,SEN
1467,lamine gassama,SEN
1468,m'baye niang,SEN
1469,mame biram diouf,SEN
1470,moussa konate,SEN
1471,moussa sow,SEN
1472,moussa wague,SEN
1473,sadio mane,SEN
1474,salif sane,SEN
1475,saliou ciss,SEN
1476,youssouf sabaly,SEN
1477,dušan kuciak,SLK
1478,dušan perniš,SLK
1479,erik jendrišek,SLK
1480,filip hološko,SLK
1481,jan kozak,SLK
1482,jan mucha,SLK
1483,jan ďurica,SLK
1484,juraj kucka,SLK
1485,kamil kopunek,SLK
1486,kornel salata,SLK
1487,marek hamšik,SLK
1488,marek sapara,SLK
1489,marek čech,SLK
1490,martin jakubko,SLK
1491,martin petraš,SLK
1492,martin škrtel,SLK
1493,miroslav stoch,SLK
1494,peter pekarik,SLK
1495,radoslav zabavnik,SLK
1496,robert vittek,SLK
1497,stanislav šestak,SLK
1498,vladimir weiss,SLK
1499,zdeno štrba,SLK
1500,aleksandar radosavljevič,SLN
1501,aleksander šeliga,SLN
1502,andraž kirm,SLN
1503,andrej komac,SLN
1504,bojan jokić,SLN
1505,boštjan cesar,SLN
1506,branko ilič,SLN
1507,dalibor stevanovič,SLN
1508,elvedin džinič,SLN
1509,jasmin handanovič,SLN
1510,marko šuler,SLN
1511,matej mavrič,SLN
1512,matjaž kek,SLN
1513,milivoje novakovič,SLN
1514,mišo brečko,SLN
1515,nejc pečnik,SLN
1516,rene krhin,SLN
1517,robert koren,SLN
1518,samir handanovič,SLN
1519,suad filekovič,SLN
1520,tim matavž,SLN
1521,valter birsa,SLN
1522,zlatan ljubijankič,SLN
1523,zlatko dedič,SLN
1524,aaron mokoena,SOA
1525,alan dzagoyev,SOA
1526,aleksandr kerzhakov,SOA
1527,aleksandr kokorin,SOA
1528,aleksandr samedov,SOA
1529,aleksei ionov,SOA
1530,aleksei kozlov,SOA
1531,andrei semionov,SOA
1532,andrei yeschenko,SOA
1533,anele ngcongca,SOA
1534,bernard parker,SOA
1535,bongani khumalo,SOA
1536,carlos alberto parreira,SOA
1537,denis glushakov,SOA
1538,dmitri kombarov,SOA
1539,fabio capello,SOA
1540,gueorgui schennikov,SOA
1541,igor akinfeyev,SOA
1542,igor denisov,SOA
1543,itumeleng khune,SOA
1544,kagiso dikgacoi,SOA
1545,katlego mphela,SOA
1546,lance davids,SOA
1547,lucas thwala,SOA
1548,macbeth sibaya,SOA
1549,maksim kaninnikov,SOA
1550,matthew booth,SOA
1551,moneeb josephs,SOA
1552,oleg shatov,SOA
1553,pavel moguilevets1,SOA
1554,reneilwe letsholonyane,SOA
1555,serguei ignashevich,SOA
1556,serguei ryzhikov,SOA
1557,shu-aib walters,SOA
1558,siboniso gaxa,SOA
1559,siphiwe tshabalala,SOA
1560,siyabonga nomvethe,SOA
1561,siyabonga sangweni,SOA
1562,steven pienaar,SOA
1563,surprise moriri,SOA
1564,teko modise,SOA
1565,thanduyise khuboni,SOA
1566,tsepo masilela,SOA
1567,vasili berezutski,SOA
1568,viktor faizulin,SOA
1569,vladimir granat,SOA
1570,yuri lodyguin,SOA
1571,yuri zhirkov,SOA
1572,ahn jung-hwan,SOK
1573,cha du-ri,SOK
1574,cho hyun-woo,SOK
1575,cho yong-hyung,SOK
1576,go yo-han,SOK
1577,ha dae-sung,SOK
1578,han kook-young,SOK
1579,hong chul,SOK
1580,hong jeong-ho,SOK
1581,hong myung-bo,SOK
1582,huh jung-moo,SOK
1583,hwang hee-chan,SOK
1584,hwang seok-ho,SOK
1585,jang hyun-soo,SOK
1586,ji dong-won,SOK
1587,ju se-jong,SOK
1588,jung seung-hyun,SOK
1589,jung sung-ryong,SOK
1590,jung woo-young,SOK
1591,kang min-soo,SOK
1592,ki sung-yueng,SOK
1593,kim bo-kyung,SOK
1594,kim chang-soo,SOK
1595,kim dong-jin,SOK
1596,kim hyung-il,SOK
1597,kim jae-sung,SOK
1598,kim jin-hyeon,SOK
1599,kim jung-woo,SOK
1600,kim min-woo,SOK
1601,kim nam-il,SOK
1602,kim seung-gyu,SOK
1603,kim shin-wook,SOK
1604,kim young-gwon,SOK
1605,kim young-kwang,SOK
1606,koo ja-cheol,SOK
1607,kwak tae-hwi,SOK
1608,lee bum-young,SOK
1609,lee chung-yong,SOK
1610,lee dong-gook,SOK
1611,lee jae-sung,SOK
1612,lee jung-soo,SOK
1613,lee keun-ho,SOK
1614,lee seung-woo,SOK
1615,lee seung-yeoul,SOK
1616,lee woon-jae,SOK
1617,lee yong,SOK
1618,lee young-pyo,SOK
1619,moon seon-min,SOK
1620,oh ban-suk,SOK
1621,oh beom-seok,SOK
1622,park chu-young,SOK
1623,park ji-sung,SOK
1624,park jong-woo,SOK
1625,park joo-ho,SOK
1626,shin tae-yong,SOK
1627,son heung-min,SOK
1628,yeom ki-hun,SOK
1629,yun suk-young,SOK
1630,yun young-sun,SOK
1631,alvaro arbeloa,SPA
1632,alvaro odriozola,SPA
1633,andres iniesta,SPA
1634,carles puyol,SPA
1635,carlos marchena,SPA
1636,cesar azpilicueta,SPA
1637,cesc fàbregas,SPA
1638,dani carvajal,SPA
1639,david de gea,SPA
1640,david silva,SPA
1641,david villa,SPA
1642,diego costa,SPA
1643,fernando hierro,SPA
1644,fernando llorente,SPA
1645,fernando torres,SPA
1646,gerard pique,SPA
1647,iago aspas,SPA
1648,iker casillas,SPA
1649,isco,SPA
1650,javi martinez,SPA
1651,jesus navas,SPA
1652,joan capdevila,SPA
1653,jordi alba,SPA
1654,juan mata,SPA
1655,juanfran,SPA
1656,kepa arrizabalaga,SPA
1657,koke,SPA
1658,lucas vazquez,SPA
1659,marco asensio,SPA
1660,nacho fernandez,SPA
1661,nacho monreal,SPA
1662,pedro rodriguez,SPA
1663,pepe reina,SPA
1664,raul albiol,SPA
1665,rodrigo,SPA
1666,santi cazorla,SPA
1667,saul ñiguez,SPA
1668,sergio busquets,SPA
1669,sergio ramos,SPA
1670,thiago alcantara,SPA
1671,vicente del bosque,SPA
1672,victor valdes,SPA
1673,xabi alonso,SPA
1674,xavi hernandez,SPA
1675,adem ljajić,SRB
1676,aleksandar kolarov,SRB
1677,aleksandar luković,SRB
1678,aleksandar mitrović,SRB
1679,aleksandar prijović,SRB
1680,andrija živković,SRB
1681,antonio rukavina,SRB
1682,anđelko đuričić,SRB
1683,bojan isailović,SRB
1684,branislav ivanović,SRB
1685,danko lazović,SRB
1686,dejan stanković,SRB
1687,dragan mrđa,SRB
1688,dušan tadić,SRB
1689,duško tošić,SRB
1690,filip kostić,SRB
1691,gojko kačar,SRB
1692,ivan obradović,SRB
1693,luka jović,SRB
1694,luka milivojević,SRB
1695,marko dmitrović,SRB
1696,marko grujić,SRB
1697,marko pantelić,SRB
1698,milan jovanović,SRB
1699,milan rodić,SRB
1700,miloš krasić,SRB
1701,miloš ninković,SRB
1702,miloš veljković,SRB
1703,mladen krstajić,SRB
1704,nemanja matić,SRB
1705,nemanja radonjić,SRB
1706,nemanja vidić,SRB
1707,nenad milijaš,SRB
1708,neven subotić,SRB
1709,nikola milenković,SRB
1710,nikola žigić,SRB
1711,predrag rajković,SRB
1712,radomir antić,SRB
1713,radosav petrović,SRB
1714,sergej milinković-savić,SRB
1715,uroš spajić,SRB
1716,vladimir stojković,SRB
1717,zdravko kuzmanović,SRB
1718,zoran tošić,SRB
1719,albin ekdal,SUE
1720,andreas granqvist,SUE
1721,emil forsberg,SUE
1722,emil krafth,SUE
1723,filip helander,SUE
1724,gustav svensson,SUE
1725,isaac kiese thelin,SUE
1726,janne andersson,SUE
1727,jimmy durmaz,SUE
1728,john guidetti,SUE
1729,karl-johan johnsson,SUE
1730,kristoffer nordfeldt,SUE
1731,ludwig augustinsson,SUE
1732,marcus berg,SUE
1733,marcus rohden,SUE
1734,martin olsson,SUE
1735,mikael lustig,SUE
1736,ola toivonen,SUE
1737,oscar hiljemark,SUE
1738,pontus jansson,SUE
1739,robin olsen,SUE
1740,sebastian larsson,SUE
1741,victor lindelof,SUE
1742,viktor claesson,SUE
1743,admir mehmedi,SWZ
1744,albert bunjaku,SWZ
1745,alexander frei,SWZ
1746,benjamin huggel,SWZ
1747,blaise nkufo,SWZ
1748,blerim džemaili,SWZ
1749,breel embolo,SWZ
1750,denis zakaria,SWZ
1751,diego benaglio,SWZ
1752,eren derdiyok,SWZ
1753,fabian schar,SWZ
1754,françois moubandje,SWZ
1755,gelson fernandes,SWZ
1756,gokhan inler,SWZ
1757,gokhan i̇nler,SWZ
1758,granit xhaka,SWZ
1759,hakan yakın,SWZ
1760,haris seferović,SWZ
1761,johan djourou,SWZ
1762,johnny leoni,SWZ
1763,josip drmić,SWZ
1764,ludovic magnin,SWZ
1765,manuel akanji,SWZ
1766,marco padalino,SWZ
1767,marco wolfli,SWZ
1768,mario eggimann,SWZ
1769,mario gavranović,SWZ
1770,michael lang,SWZ
1771,nico elvedi,SWZ
1772,ottmar hitzfeld,SWZ
1773,philippe senderos,SWZ
1774,pirmin schwegler,SWZ
1775,remo freuler,SWZ
1776,reto ziegler,SWZ
1777,ricardo rodriguez,SWZ
1778,roman burki,SWZ
1779,stephan lichtsteiner,SWZ
1780,stephane grichting,SWZ
1781,steve von bergen,SWZ
1782,steven zuber,SWZ
1783,tranquillo barnetta,SWZ
1784,valentin stocker,SWZ
1785,valon behrami,SWZ
1786,vladimir petković,SWZ
1787,xherdan shaqiri,SWZ
1788,yann sommer,SWZ
1789,yvon mvogo,SWZ
1790,ahmed khalil,TNZ
1791,ali maaloul,TNZ
1792,anice badri,TNZ
1793,aymen mathlouthi,TNZ
1794,bassem srarfi,TNZ
1795,dylan bronn,TNZ
1796,ellyes skhiri,TNZ
1797,fakhreddine ben youssef,TNZ
1798,farouk ben mustapha,TNZ
1799,ferjani sassi,TNZ
1800,ghailene chaalali,TNZ
1801,hamdi nagguez,TNZ
1802,mohamed amine ben amor,TNZ
1803,mouez hassen,TNZ
1804,nabil maaloul,TNZ
1805,naim sliti,TNZ
1806,oussama haddadi,TNZ
1807,rami bedoui,TNZ
1808,saber khalifa,TNZ
1809,saif-eddine khaoui,TNZ
1810,syam ben youssef,TNZ
1811,wahbi khazri,TNZ
1812,yassine meriah,TNZ
1813,yohan benalouane,TNZ
1814,abel hernandez,URU
1815,alvaro fernandez,URU
1816,alvaro gonzalez,URU
1817,alvaro pereira,URU
1818,andres scotti,URU
1819,carlos sanchez,URU
1820,christian stuani,URU
1821,cristian rodriguez,URU
1822,diego forlan,URU
1823,diego godin,URU
1824,diego laxalt,URU
1825,diego lugano,URU
1826,diego perez,URU
1827,edinson cavani,URU
1828,egidio arevalo rios,URU
1829,fernando muslera,URU
1830,gaston ramirez,URU
1831,gaston silva,URU
1832,giorgian de arrascaeta,URU
1833,guillermo varela,URU
1834,ignacio gonzalez,URU
1835,jonathan urretaviscaya,URU
1836,jorge fucile,URU
1837,jose gimenez,URU
1838,jose maria gimenez,URU
1839,juan castillo,URU
1840,lucas torreira,URU
1841,luis suarez,URU
1842,martin caceres,URU
1843,martin campaña,URU
1844,martin silva,URU
1845,matias vecino,URU
1846,mauricio victorino,URU
1847,maxi gomez,URU
1848,maximiliano pereira,URU
1849,nahitan nandez,URU
1850,nicolas lodeiro,URU
1851,oscar washington tabarez,URU
1852,rodrigo bentancur,URU
1853,rodrigo muñoz,URU
1854,sebastian abreu,URU
1855,sebastian coates,URU
1856,sebastian eguren,URU
1857,sebastian fernandez,URU
1858,walter gargano,URU
1859,alejandro bedoya,USA
1860,aron johannsson,USA
1861,benny feilhaber,USA
1862,bob bradley,USA
1863,brad davis,USA
1864,brad guzan,USA
1865,carlos bocanegra,USA
1866,clarence goodson,USA
1867,clint dempsey,USA
1868,damarcus beasley,USA
1869,deandre yedlin,USA
1870,edson buddle,USA
1871,fabian johnson,USA
1872,francisco torres,USA
1873,geoff cameron,USA
1874,graham zusi,USA
1875,herculez gomez,USA
1876,jay demerit,USA
1877,jermaine jones,USA
1878,john brooks,USA
1879,jonathan bornstein,USA
1880,jonathan spector,USA
1881,jozy altidore,USA
1882,julian green,USA
1883,jurgen klinsmann,USA
1884,kyle beckerman,USA
1885,landon donovan,USA
1886,marcus hahnemann,USA
1887,maurice edu,USA
1888,michael bradley,USA
1889,mikkel diskerud,USA
1890,nick rimando,USA
1891,oguchi onyewu,USA
1892,omar gonzalez,USA
1893,ricardo clark,USA
1894,robbie findley,USA
1895,steve cherundolo,USA
1896,stuart holden,USA
1897,tim chandler,USA
1898,tim howard,USA
1899,alexander kerzhakov,RUS
1900,alexander kokorin,RUS
1901,fabio capello,RUS